{"val_loss": [1.4357953144002844, 0.6149580692923832, 1.4185416518638432, 1.8125932382975363, 4.167158624218771, 5.388995662971779, 4.88042543424099, 1.417930911719197, 0.38413028134240046, 0.2894866531264501, 0.28662984170897643, 0.19459176057918304, 0.1424220950715871, 0.09208932568930617, 0.09515414033072565, 0.09189512328467385, 0.09950441463126077, 0.10954990178145944, 0.12875245084264864, 0.1542605191128021, 0.1697413853282479, 0.0974341001384186, 0.06643908841441376, 0.05757097794050319, 0.056024806219018265, 0.058424704998530926, 0.05802728702022572, 0.05710640184305332, 0.059245514295217565, 0.05996169012303304, 0.058532574539032045, 0.05864396916997152, 0.05800079731126426, 0.060002382206997086, 0.0589013800240727], "loss": [0.5386796596006744, 0.26457013411965963, 0.17730338119961955, 0.12614783261465767, 0.10802564408616269, 0.09407380424480837, 0.08426983788448425, 0.07017822569288643, 0.06492761509874896, 0.06327941919205439, 0.06241362038332373, 0.061004924796879474, 0.061444351856730285, 0.059110672097641925, 0.05871740618673449, 0.05957153409687779, 0.057449535367448935, 0.055790919815550746, 0.05558774931742835, 0.05459018094038342, 0.0539087495504067, 0.05185193526756461, 0.05163822809004855, 0.05106800571382415, 0.05059977387420235, 0.05032835240643349, 0.05084716957629561, 0.05115193878428724, 0.050951341020417686, 0.050592145604929264, 0.05061898733500933, 0.05039052764881002, 0.0500582352960847, 0.050382240393045376, 0.05013011597974935], "lr": [