{"val_loss": [0.2713290948458392, 0.2583692787391971, 0.25714721484617753, 0.25257342520386283, 0.24704842677020064, 0.27191624027309996, 0.2650360915516362, 0.2392736068699095, 0.2211633337386931, 0.21901113752162818, 0.22102976814062908, 0.2194809597429603, 0.22031599374732586, 0.22020039967816285, 0.21933672637650461, 0.2188250612490105, 0.21900829079175235, 0.2180895604449089, 0.21860851677379223, 0.21786954599197464, 0.21763592244398713, 0.21794422815544437, 0.21841519335303644, 0.22252919710645772, 0.20802488943543096, 0.21013346979714403, 0.20026176054068287, 0.19954545706209512, 0.19866421138397372, 0.19803175767864845, 0.1977617112374065, 0.19774114471493345, 0.1969004070879233, 0.1968319884695188, 0.1968736817439397, 0.19609684852638629, 0.19583106122835717, 0.1952816307785535, 0.19424459471847072, 0.1923038687790283, 0.19115660062944045, 0.19118158574658212, 0.1902791731345533, 0.19137126378338745, 0.1887244332378561, 0.18846213245632673, 0.1881322142391494, 0.18786570443047418, 0.18743623946652269, 0.18669735978348087], "loss": [0.2762479727316384, 0.24888781635036245, 0.24811004748660032, 0.24792551222758874, 0.24755680635088242, 0.24120149135811414, 0.2303226958735708, 0.22503940172489498, 0.21969967158248868, 0.2174219303261657, 0.21627838586252587, 0.21572542907075004, 0.21539894568799722, 0.21523514801552168, 0.2150745946314663, 0.21494071303213738, 0.2148456052631726, 0.21476261927338752, 0.21473353351702532, 0.21461766781450775, 0.21454393595663046, 0.21439770282075354, 0.2140463643809825, 0.21139831065751338, 0.20183348151295188, 0.19767127990183964, 0.19635238471182023, 0.1957782303903535, 0.19535011838085786, 0.19494925950607805, 0.19463904200875334, 0.19434055201111164, 0.19418304795093325, 0.19385474718802156, 0.19361181177305833, 0.19341296829675372, 0.19334650691458038, 0.1923784112464488, 0.1910731416832951, 0.1905773501593277, 0.19016325959780317, 0.18980956276606398, 0.18943450064243375, 0.18879778500790928, 0.1880590175184907, 0.18742742160639186, 0.18681372192931392, 0.18652248486821035, 0.1862505144134346, 0.18603752453424777], "lr": [